name,actor,information,date,star,evaluate,introduction
肖申克的救赎,蒂姆·罗宾斯TimRobbins/..., 美国   犯罪剧情,1994 ,9.7,2933341人评价,希望让人自由。
霸王别姬,张国荣LeslieCheung/张丰毅FengyiZha..., 中国大陆中国香港   剧情爱情同性,1993 ,9.6,2166346人评价,风华绝代。
阿甘正传,汤姆·汉克斯TomHanks/..., 美国   剧情爱情,1994 ,9.5,2186811人评价,一部美国近现代史。
泰坦尼克号,莱昂纳多·迪卡普里奥Leonardo..., 美国墨西哥   剧情爱情灾难,1997 ,9.5,2219847人评价,失去的才是永恒的。 
这个杀手不太冷,让·雷诺JeanReno/娜塔莉·波特曼..., 法国美国   剧情动作犯罪,1994 ,9.4,2319201人评价,怪蜀黍和小萝莉不得不说的故事。
千与千寻,柊瑠美RumiHîragi/入野自由Miy..., 日本   剧情动画奇幻,2001 ,9.4,2270329人评价,最好的宫崎骏，最好的久石让。 
美丽人生,罗伯托·贝尼尼RobertoBeni..., 意大利   剧情喜剧爱情战争,1997 ,9.6,1341266人评价,最美的谎言。
星际穿越,马修·麦康纳MatthewMc..., 美国英国加拿大   剧情科幻冒险,2014 ,9.4,1874108人评价,爱是一种力量，让我们超越时空感知它的存在。
辛德勒的名单,连姆·尼森LiamNeeson..., 美国   剧情历史战争,1993 ,9.6,1119209人评价,拯救一个人，就是拯救整个世界。
盗梦空间,莱昂纳多·迪卡普里奥Le..., 美国英国   剧情科幻悬疑冒险,2010 ,9.4,2090908人评价,诺兰给了我们一场无法盗取的梦。
楚门的世界,金·凯瑞JimCarrey/劳拉·琳妮Lau..., 美国   剧情科幻,1998 ,9.4,1737911人评价,如果再也不能见到你，祝你早安，午安，晚安。
忠犬八公的故事,理查·基尔RichardGer..., 美国英国   剧情,2009 ,9.4,1412346人评价,永远都不能忘记你所爱的人。
海上钢琴师,蒂姆·罗斯TimRoth/..., 意大利   剧情音乐,1998 ,9.3,1695900人评价,每个人都要走一条自己坚定了的路，就算是粉身碎骨。 
三傻大闹宝莱坞,阿米尔·汗AamirKhan/卡..., 印度   剧情喜剧爱情歌舞,2009 ,9.2,1878634人评价,英俊版憨豆，高情商版谢耳朵。
放牛班的春天,让-巴蒂斯特·莫尼..., 法国瑞士德国   剧情音乐,2004 ,9.3,1327314人评价,天籁一般的童声，是最接近上帝的存在。 
机器人总动员,本·贝尔特BenBurtt/艾丽..., 美国   科幻动画冒险,2008 ,9.3,1331591人评价,小瓦力，大人生。
疯狂动物城,金妮弗·..., 美国   喜剧动画冒险,2016 ,9.2,1966636人评价,迪士尼给我们营造的乌托邦就是这样，永远善良勇敢，永远出乎意料。
无间道,刘德华AndyLau/梁朝伟TonyLeungChiuW..., 中国香港   剧情犯罪惊悚,2002 ,9.3,1382664人评价,香港电影史上永不过时的杰作。
控方证人,泰隆·鲍华TyronePower/玛琳·..., 美国   剧情犯罪悬疑,1957 ,9.6,573951人评价,比利·怀德满分作品。
大话西游之大圣娶亲,周星驰StephenChow/吴孟达ManTatNg..., 中国香港中国大陆   喜剧爱情奇幻古装,1995 ,9.2,1550520人评价,一生所爱。
熔炉,孔侑YooGong/郑有美Yu-miJung/..., 韩国   剧情,2011 ,9.4,941343人评价,我们一路奋战不是为了改变世界，而是为了不让世界改变我们。
教父,马龙·白兰度M..., 美国   剧情犯罪,1972 ,9.3,980374人评价,千万不要记恨你的对手，这样会让你失去理智。
触不可及,无信息, 法国   剧情喜剧,2011 ,9.3,1131749人评价,满满温情的高雅喜剧。
当幸福来敲门,威尔·史密斯WillSmith..., 美国   剧情传记家庭,2006 ,9.2,1536830人评价,平民励志片。 
末代皇帝,尊龙JohnLone/陈..., 英国意大利中国大陆法国   剧情传记历史,1987 ,9.3,898977人评价,“不要跟我比惨，我比你更惨”再适合这部电影不过了。
寻梦环游记,..., 美国   喜剧动画奇幻音乐,2017 ,9.1,1707277人评价,死亡不是真的逝去，遗忘才是永恒的消亡。
龙猫,日高法子NorikoHidaka/坂本千夏Ch..., 日本   动画奇幻冒险,1988 ,9.2,1280782人评价,人人心中都有个龙猫，童年就永远不会消失。
怦然心动,玛德琳·卡罗尔MadelineCarroll/卡..., 美国   剧情喜剧爱情,2010 ,9.1,1854295人评价,真正的幸福是来自内心深处。
活着,葛优YouGe/巩俐LiGong/姜武WuJiang, 中国大陆中国香港   剧情历史家庭,1994 ,9.3,857275人评价,张艺谋最好的电影。
蝙蝠侠：黑暗骑士,克里斯蒂安·贝尔Christ..., 美国英国   剧情动作科幻犯罪惊悚,2008 ,9.2,1074980人评价,无尽的黑暗。
哈利·波特与魔法石,DanielRadcliffe/EmmaWatson/RupertGrint, 美国英国   奇幻冒险,2001 ,9.2,1210556人评价,童话世界的开端。
指环王3：王者无敌,伊利亚·伍德ElijahWood/西恩..., 美国新西兰   剧情动作奇幻冒险,2003 ,9.3,813614人评价,史诗的终章。
我不是药神,徐峥ZhengXu/王传君ChuanjunWang/周..., 中国大陆   剧情喜剧,2018 ,9.0,2129775人评价,对我们国家而言，这样的电影多一部是一部。
乱世佳人,费..., 美国   剧情历史爱情战争,1939 ,9.3,700096人评价,Tomorrow is another day.
飞屋环游记,爱德..., 美国   剧情喜剧动画冒险,2009 ,9.1,1342210人评价,最后那些最无聊的事情，才是最值得怀念的。 
素媛,薛景求Kyung-guSol/严志媛Ji-wonUhm..., 韩国   剧情,2013 ,9.3,695486人评价,受过伤害的人总是笑得最开心，因为他们不愿意让身边的人承受一样的痛苦。
哈尔的移动城堡,倍赏千惠子ChiekoBaishô/木村拓..., 日本   动画奇幻冒险,2004 ,9.1,1039986人评价,带着心爱的人在天空飞翔。
十二怒汉,亨利·方达HenryFonda/马丁·鲍尔萨姆Marti..., 美国   剧情,1957 ,9.4,498277人评价,1957年的理想主义。 
何以为家,扎因·拉费阿Zainal-Rafeea/..., 黎巴嫩美国法国塞浦路斯卡塔尔英国   剧情,2018 ,9.1,1057010人评价,凝视卑弱生命，用电影改变命运。
摔跤吧！爸爸,阿米尔·汗AamirKhan/法缇玛..., 印度   剧情传记运动家庭,2016 ,9.0,1586381人评价,你不是在为你一个人战斗，你要让千千万万的女性看到女生并不是只能相夫教子。
让子弹飞,姜文WenJiang/葛优YouGe/周润发Yun-F..., 中国大陆中国香港   剧情喜剧动作西部,2010 ,9.0,1719751人评价,你给我翻译翻译，神马叫做TMD的惊喜。
猫鼠游戏,莱昂纳多·迪卡普里奥L..., 美国加拿大   传记犯罪剧情,2002 ,9.1,1042389人评价,骗子大师和执著警探的你追我跑故事。 
天空之城,田中真弓MayumiTanaka/横泽启子Ke..., 日本   动画奇幻冒险,1986 ,9.2,886183人评价,对天空的追逐，永不停止。 
鬼子来了,姜文WenJiang/香川照之TeruyukiKagawa/..., 中国大陆   剧情喜剧,2000 ,9.3,634499人评价,对敌人的仁慈，就是对自己残忍。
少年派的奇幻漂流,苏拉·沙玛SurajSharma/伊尔凡·可汗Irrfan..., 美国中国台湾英国加拿大   剧情奇幻冒险,2012 ,9.1,1362908人评价,瑰丽壮观、无人能及的冒险之旅。
海蒂和爷爷,阿努克·斯特芬AnukSteffen/..., 德国瑞士   剧情冒险家庭,2015 ,9.3,628536人评价,如果生活中有什么使你感到快乐，那就去做吧！不要管别人说什么。
钢琴家,艾德里安·布洛迪AdrienBrod..., 英国法国波兰德国   剧情传记战争音乐,2002 ,9.3,650629人评价,音乐能化解仇恨。
大话西游之月光宝盒,周星驰StephenChow/吴孟达ManTatNg..., 中国香港中国大陆   喜剧爱情奇幻古装,1995 ,9.0,1234601人评价,旷古烁今。
指环王2：双塔奇兵,伊利亚·伍德ElijahWood/西恩..., 美国新西兰   剧情动作奇幻冒险,2002 ,9.2,763320人评价,承前启后的史诗篇章。
闻香识女人,阿尔·帕西诺AlPacino/克里斯..., 美国   剧情,1992 ,9.1,898269人评价,史上最美的探戈。
死亡诗社,罗宾·威廉姆斯RobinWilliams/罗伯..., 美国   剧情,1989 ,9.2,738301人评价,当一个死水般的体制内出现一个活跃的变数时，所有的腐臭都站在了光明的对面。
罗马假日,奥黛丽·赫本AudreyHepburn/格..., 美国   喜剧剧情爱情,1953 ,9.1,959843人评价,爱情哪怕只有一天。
绿皮书,维果·莫腾森ViggoMortensen/..., 美国中国大陆   剧情喜剧传记音乐,2018 ,8.9,1670674人评价,去除成见，需要勇气。
大闹天宫,邱岳峰YuefengQiu/富润生RunshengFu...,1964(中国大陆) 1978(中国大陆)   中国大陆   剧情动画奇幻古装,1961(中国大陆),9.4,444653人评价,经典之作，历久弥新。
天堂电影院,菲利普·努瓦雷Philipp..., 意大利法国   剧情爱情,1988 ,9.2,684877人评价,那些吻戏，那些青春，都在影院的黑暗里被泪水冲刷得无比清晰。
指环王1：护戒使者,伊利亚·伍德ElijahWood/西恩..., 新西兰美国   剧情动作奇幻冒险,2001 ,9.1,857851人评价,传说的开始。
黑客帝国,无信息, 美国   动作科幻,1999 ,9.1,847313人评价,视觉革命。
教父2,阿尔·帕西诺A..., 美国   剧情犯罪,1974 ,9.3,560383人评价,优雅的孤独。
狮子王,乔纳森·泰勒·托马..., 美国   动画冒险歌舞,1994 ,9.1,853781人评价,动物版《哈姆雷特》。
辩护人,宋康昊Kang-hoSong/金英爱Yeong-ae..., 韩国   剧情,2013 ,9.2,594416人评价,电影的现实意义大过电影本身。
饮食男女,郎雄SihungLung/杨贵媚Kuei-MeiYang/吴..., 中国台湾美国   剧情家庭,1994 ,9.2,629086人评价,人生不能像做菜，把所有的料都准备好了才下锅。
搏击俱乐部,爱德华·诺顿EdwardNorton/布拉..., 美国   剧情动作悬疑惊悚,1999 ,9.0,855803人评价,邪恶与平庸蛰伏于同一个母体，在特定的时间互相对峙。
本杰明·巴顿奇事,凯特·布兰切特CateBlanchett/..., 美国   剧情爱情奇幻,2008 ,9.0,994731人评价,在时间之河里感受溺水之苦。
美丽心灵,罗素·克劳RussellCrowe/艾德·哈..., 美国   传记剧情,2001 ,9.1,777332人评价,爱是一切逻辑和原由。
穿条纹睡衣的男孩,阿萨·巴特菲尔德AsaButterfield..., 英国美国   剧情战争,2008 ,9.2,573358人评价,尽管有些不切实际的幻想，这部电影依旧是一部感人肺腑的佳作。
窃听风暴,无信息, 德国   剧情悬疑,2006 ,9.2,570816人评价,别样人生。
情书,中山美穗MihoNakayama/丰川悦司Ets..., 日本   剧情爱情,1995 ,8.9,1128550人评价,暗恋的极致。
两杆大烟枪,杰森·弗莱明JasonFlemyng/德克斯特..., 英国   剧情喜剧犯罪,1998 ,9.1,601044人评价,4个臭皮匠顶个诸葛亮，盖·里奇果然不是盖的。
西西里的美丽传说,莫妮卡·贝鲁奇Monica..., 意大利美国   剧情战争情色,2000 ,8.9,986007人评价,美丽无罪。
看不见的客人,马里奥·卡萨斯MarioCasas/阿..., 西班牙   剧情犯罪悬疑惊悚,2016 ,8.8,1286001人评价,你以为你以为的就是你以为的。
音乐之声,朱莉·安德鲁斯JulieAndrews/克..., 美国   剧情传记爱情歌舞,1965 ,9.1,609914人评价,用音乐化解仇恨，让歌声串起美好。
阿凡达,萨姆·沃辛顿SamWorthington..., 美国   动作科幻冒险,2009 ,8.8,1436200人评价,绝对意义上的美轮美奂。
拯救大兵瑞恩,汤姆·汉克斯TomHanks..., 美国   剧情战争,1998 ,9.1,654461人评价,美利坚精神输出大片No1.
哈利·波特与死亡圣器(下),丹尼尔·雷德克里夫DanielRadcliffe..., 美国英国   奇幻冒险,2011 ,9.0,843547人评价,10年的完美句点。
飞越疯人院,杰克·尼科尔森JackNichols..., 美国   剧情,1975 ,9.1,552480人评价,自由万岁。
小鞋子,默罕默德·阿米尔·纳吉Mohamma..., 伊朗   剧情儿童家庭,1997 ,9.2,415947人评价,奔跑的孩子是天使。
沉默的羔羊,朱迪·福斯特JodieFoster/安..., 美国   剧情犯罪惊悚,1991 ,8.9,900847人评价,安东尼·霍普金斯的顶级表演。
布达佩斯大饭店,拉尔夫·费因斯RalphFiennes/..., 美国德国英国   剧情喜剧冒险,2014 ,8.9,950013人评价,小清新的故事里注入了大历史的情怀。
禁闭岛,莱昂纳多·迪卡普里奥LeonardoDiCaprio/..., 美国   剧情悬疑惊悚,2010 ,8.9,990417人评价,昔日翩翩少年，今日大腹便便。
功夫,周星驰StephenChow/元秋QiuYuen/..., 中国大陆中国香港   动作喜剧犯罪奇幻,2004 ,8.8,1150993人评价,警恶惩奸，维护世界和平这个任务就交给你了，好吗？
蝴蝶效应,无信息, 美国加拿大   剧情悬疑科幻惊悚,2004 ,8.9,949770人评价,人的命运被自己瞬间的抉择改变。
致命魔术,休·杰克曼HughJackman..., 英国美国   剧情悬疑惊悚,2006 ,8.9,871477人评价,孪生蝙蝠侠大战克隆金刚狼。
哈利·波特与阿兹卡班的囚徒,丹尼尔·雷德克里夫DanielRadcliffe/Emma..., 英国美国   奇幻冒险,2004 ,8.9,743395人评价,不一样的导演，不一样的哈利·波特。
心灵捕手,马特·达蒙MattDamon/罗宾·..., 美国   剧情,1997 ,8.9,723100人评价,人生中应该拥有这样的一段豁然开朗。
超脱,艾德里安·布洛迪AdrienBrody/马西..., 美国   剧情,2011 ,9.0,612261人评价,穷尽一生，我们要学会的，不过是彼此拥抱。
海豚湾,路易·西霍尤斯LouiePsihoyo..., 美国   纪录片,2009 ,9.3,359820人评价,海豚的微笑，是世界上最高明的伪装。
低俗小说,约翰·特拉沃尔塔JohnTra..., 美国   剧情喜剧犯罪,1994 ,8.9,843315人评价,故事的高级讲法。
春光乍泄,张国荣LeslieCheung/梁朝伟TonyLeu..., 中国香港日本韩国   剧情爱情同性,1997 ,9.0,639484人评价,爱情纠缠，男女一致。
摩登时代,查理·卓别林CharlesChaplin..., 美国   剧情喜剧爱情,1936 ,9.3,305365人评价,大时代中的人生，小人物的悲喜。
美国往事,罗伯特·德尼罗RobertDeNiro..., 美国意大利   犯罪剧情,1984 ,9.2,416824人评价,往事如烟，无处祭奠。
喜剧之王,周星驰StephenCh..., 中国香港   喜剧剧情爱情,1999 ,8.8,981574人评价,我是一个演员。
致命ID,约翰·库萨克JohnCusack/雷..., 美国   剧情悬疑惊悚,2003 ,8.9,836239人评价,最不可能的那个人永远是最可能的。
杀人回忆,宋康昊Kang-hoSong/金相庆Sang-kyun..., 韩国   剧情动作犯罪悬疑惊悚,2003 ,8.9,724699人评价,关于连环杀人悬案的集体回忆。
七宗罪,摩根·弗里曼MorganFreeman/布..., 美国   剧情犯罪悬疑惊悚,1995 ,8.8,951933人评价,警察抓小偷，老鼠玩死猫。
红辣椒,林原惠美MegumiHayashibara/江守彻Toru..., 日本   动画悬疑科幻惊悚,2006 ,9.1,472837人评价,梦的勾结。
加勒比海盗,约翰尼·德普JohnnyDepp/..., 美国   动作冒险奇幻,2003 ,8.8,869303人评价,约翰尼·德普的独角戏。
哈利·波特与密室,丹尼尔·雷德克里夫DanielRadcliffe/艾玛..., 英国美国   奇幻冒险,2002 ,8.9,770669人评价,魔法的密室之门已打开...
一一,吴念真/李凯莉KellyLee/金燕玲Elai..., 中国台湾日本   剧情爱情家庭,2000 ,9.1,401187人评价,我们都曾经是一一。
狩猎,麦斯·米科尔森MadsMik..., 丹麦瑞典   剧情,2012 ,9.1,397542人评价,人言可畏。
唐伯虎点秋香,周星驰StephenChow/巩俐LiGong/陈..., 中国香港   喜剧爱情古装,1993 ,8.7,1093214人评价,华太师是黄霑，吴镇宇四大才子之一。
7号房的礼物,柳承龙Seung-yongRyoo/朴信惠Shi..., 韩国   剧情喜剧家庭,2013 ,8.9,563590人评价,《我是山姆》的《美丽人生》。
被嫌弃的松子的一生,中谷美纪MikiNakatani/瑛太E..., 日本   剧情歌舞,2006 ,8.9,710026人评价,以戏谑来戏谑戏谑。
请以你的名字呼唤我,艾米·汉莫ArmieHammer/..., 意大利法国巴西美国   剧情爱情同性,2017 ,8.8,731308人评价,沉醉在电影的情感和视听氛围中无法自拔。
蝙蝠侠：黑暗骑士崛起,克里斯蒂安·贝尔Christ..., 美国英国   剧情动作科幻犯罪惊悚,2012 ,8.8,731812人评价,诺兰就是保证。
断背山,希斯·莱杰HeathLedger/杰克·吉伦哈尔Jake..., 美国加拿大   剧情爱情同性家庭,2005 ,8.8,713251人评价,每个人心中都有一座断背山。
剪刀手爱德华,约翰尼·德普JohnnyDepp/薇诺娜·..., 美国   剧情奇幻爱情,1990 ,8.7,1043380人评价,浪漫忧郁的成人童话。
爱在黎明破晓前,伊桑·霍克EthanHawke..., 美国奥地利瑞士   剧情爱情,1995 ,8.8,693299人评价,缘分是个连绵词，最美不过一瞬。
入殓师,本木雅弘MasahiroMotoki/..., 日本   剧情,2008 ,8.9,674708人评价,死可能是一道门，逝去并不是终结，而是超越，走向下一程。
第六感,布鲁斯·威利斯BruceWi..., 美国   剧情悬疑惊悚,1999 ,8.9,562651人评价,深入内心的恐怖，出人意料的结局。
重庆森林,林青霞BrigitteLin/金城武TakeshiK..., 中国香港   剧情爱情,1994 ,8.8,820790人评价,寂寞没有期限。
勇敢的心,梅尔·吉布森MelGibson/苏菲·玛..., 美国   动作传记剧情历史战争,1995 ,8.9,562793人评价,史诗大片的典范。
超能陆战队,斯科特..., 美国   喜剧动作科幻动画冒险,2014 ,8.7,1026723人评价,Balalala~~~
甜蜜蜜,黎明LeonLai/张曼玉MaggieCheung/..., 中国香港   剧情爱情,1996 ,8.9,563336人评价,相逢只要一瞬间，等待却像是一辈子。
幽灵公主,松田洋治YôjiMatsuda/石田百合..., 日本   动画奇幻冒险,1997 ,8.9,530027人评价,人与自然的战争史诗。
爱在日落黄昏时,伊桑·霍克EthanHawke..., 美国法国   剧情爱情,2004 ,8.9,569512人评价,九年后的重逢是世俗和责任的交叠，没了悸动和青涩，沧桑而温暖。
菊次郎的夏天,北野武TakeshiKitano/关口雄介Yus..., 日本   剧情喜剧,1999 ,8.9,603073人评价,从没见过那么流氓的温柔，从没见过那么温柔的流氓。
借东西的小人阿莉埃蒂,志田未来MiraiShida/神木..., 日本   动画奇幻冒险,2010 ,8.9,560462人评价,曾经的那段美好会沉淀为一辈子的记忆。
消失的爱人,本·阿弗莱克BenAffleck/罗莎蒙..., 美国   剧情犯罪悬疑惊悚,2014 ,8.7,966002人评价,年度最佳date movie。
阳光灿烂的日子,夏雨YuXia/宁静JingNing/陶虹HongTao, 中国大陆中国香港   剧情爱情,1994 ,8.8,620806人评价,一场华丽的意淫。
天使爱美丽,奥黛丽·塔图AudreyTau..., 法国德国   剧情喜剧爱情,2001 ,8.7,960573人评价,法式小清新。 
完美的世界,凯文·科斯特纳KevinCos..., 美国   剧情犯罪,1993 ,9.1,319032人评价,坏人的好总是比好人的好来得更感人。
寄生虫,宋康昊Kang-hoSong/李善均Seon-gyun..., 韩国   剧情,2019 ,8.8,1385313人评价,无介绍
小森林 夏秋篇,桥本爱AiHashimoto/三浦贵大Takahir..., 日本   剧情,2014 ,9.0,430264人评价,那些静得只能听见呼吸的日子里，你明白孤独即生活。
无人知晓,柳乐优弥YûyaYagira/北浦爱..., 日本   剧情,2004 ,9.1,323137人评价,我的平常生活就是他人的幸福。
倩女幽魂,张国荣LeslieCheung/王祖贤JoeyW..., 中国香港   爱情奇幻武侠古装,1987 ,8.8,745758人评价,两张绝世的脸。 
时空恋旅人,多姆纳尔·格里森DomhnallGl..., 英国   喜剧爱情奇幻,2013 ,8.8,683605人评价,把每天当作最后一天般珍惜度过，积极拥抱生活，就是幸福。
侧耳倾听,本名阳子YoukoHonna/小林桂树K..., 日本   剧情爱情动画,1995 ,8.9,468283人评价,少女情怀总是诗。
幸福终点站,汤姆·汉克斯TomHanks..., 美国   喜剧剧情爱情,2004 ,8.8,578032人评价,有时候幸福需要等一等。 
未麻的部屋,岩男润子JunkoIwao/松本梨香RicaMatsu..., 日本   动画奇幻惊悚,1997 ,9.1,341841人评价,好的剧本是，就算你猜到了结局也猜不到全部。
小森林 冬春篇,桥本爱AiHashimoto/三浦贵大Takahir..., 日本   剧情,2015 ,9.0,383035人评价,尊敬他人，尊敬你生活的这片土地，明白孤独是人生的常态。
驯龙高手,..., 美国   动画奇幻冒险,2010 ,8.8,764008人评价,和谐的生活离不开摸头与被摸头。
哈利·波特与火焰杯,丹尼尔·雷德克里夫DanielRadclif..., 英国美国   悬疑奇幻冒险,2005 ,8.8,672336人评价,无介绍
一个叫欧维的男人决定去死,罗夫·拉斯加德RolfLassgård..., 瑞典   剧情,2015 ,8.9,490566人评价,惠及一生的美丽。
教父3,阿尔·帕西诺A..., 美国   剧情犯罪,1990 ,9.0,379476人评价,任何信念的力量，都无法改变命运。
怪兽电力公司,约..., 美国   儿童喜剧动画奇幻冒险,2001 ,8.8,681451人评价,不要给它起名字，起了名字就有感情了。
萤火之森,佐仓绫音AyaneSakura/内山昂辉K..., 日本   剧情爱情动画奇幻,2011 ,8.9,546303人评价,触不到的恋人。
傲慢与偏见,凯拉·奈特莉KeiraKnightley/马修·..., 法国英国美国   剧情爱情,2005 ,8.7,811278人评价,爱是摈弃傲慢与偏见之后的曙光。
玩具总动员3,汤姆·汉克斯TomHanks/蒂姆·艾..., 美国   喜剧动画奇幻冒险,2010 ,8.9,524605人评价,跨度十五年的欢乐与泪水。
新世界,李政宰Jung-JaeLee/崔岷植Min-sik..., 韩国   剧情犯罪,2013 ,8.9,443712人评价,要做就做得狠一点，这样才能活下去。
釜山行,孔侑YooGong/郑有美Yu-miJung/马..., 韩国   动作惊悚灾难,2016 ,8.6,1212722人评价,揭露人性的丧尸题材力作。
被解救的姜戈,杰米·福克斯JamieFoxx/..., 美国   剧情动作西部冒险,2012 ,8.8,616130人评价,热血沸腾，那个低俗、性感的无耻混蛋又来了。
神偷奶爸,..., 美国法国   喜剧动画冒险,2010 ,8.7,957003人评价,Mr. I Don't Care其实也有Care的时候。
玛丽和马克思,托妮·科莱特ToniCollette/菲利..., 澳大利亚美国   剧情喜剧动画,2009 ,9.0,424562人评价,你是我最好的朋友，你是我唯一的朋友 。
告白,松隆子TakakoMatsu/冈田将生..., 日本   剧情悬疑,2010 ,8.8,677532人评价,没有一人完全善，也没有一人完全恶。
茶馆,于是之ShizhiYu/郑榕RongZhen/蓝天野T..., 中国大陆   剧情历史,1982(中国大陆) ,9.6,151331人评价,无介绍
哪吒闹海,梁正晖Zhenghui..., 中国大陆   冒险动画奇幻,1979 ,9.2,263297人评价,想你时你在闹海。
大鱼,伊万·麦克格雷格EwanMcGregor/阿..., 美国   剧情家庭奇幻冒险,2003 ,8.8,573562人评价,抱着梦想而活着的人是幸福的，怀抱梦想而死去的人是不朽的。
九品芝麻官,周星驰StephenChow/吴孟达ManTatNg/..., 中国香港中国大陆   剧情喜剧古装,1994 ,8.7,690317人评价,无介绍
喜宴,赵文瑄WinstonChao/归亚蕾Ya-leiKuei/郎..., 中国台湾美国   剧情喜剧爱情同性家庭,1993 ,9.0,368384人评价,中国家庭的喜怒哀乐忍。
色，戒,梁朝伟TonyLeungChiuWai/汤唯WeiTang/..., 中国台湾中国大陆美国中国香港   剧情爱情情色,2007 ,8.7,821814人评价,假戏真情，爱欲深海
模仿游戏,本尼迪克特·康伯巴奇BenedictC..., 英国美国   剧情传记战争同性,2014 ,8.8,654833人评价,他给机器起名“克里斯托弗”，因为这是他初恋的名字。
头号玩家,泰伊·谢里丹TyeSheri..., 美国   动作科幻冒险,2018 ,8.7,1382159人评价,写给影迷，动漫迷和游戏迷的一封情书。
射雕英雄传之东成西就,梁朝伟TonyLeungChiuWai/林青霞Bri..., 中国香港   喜剧奇幻武侠古装,1993 ,8.7,644491人评价,百看不厌。 
花样年华,梁朝伟TonyLeungChiuWai/张曼玉Ma..., 中国香港   剧情爱情,2000 ,8.7,616435人评价,偷情本没有这样美。
我是山姆,SeanPenn/DakotaFanning/Mi..., 美国   剧情家庭,2001 ,9.0,341674人评价,爱并不需要智商 。
阳光姐妹淘,沈恩京Eun-kyungShim/闵孝琳Hy..., 韩国   剧情喜剧,2011 ,8.8,594476人评价,再多各自牛逼的时光，也比不上一起傻逼的岁月。 
头脑特工队,无信息, 美国   喜剧动画冒险,2015 ,8.8,623349人评价,愿我们都不用长大，每一座城堡都能永远存在。
血战钢锯岭,安德鲁·加菲尔德AndrewGarfield/..., 澳大利亚美国   剧情传记历史战争,2016 ,8.7,789939人评价,优秀的战争片不会美化战场，不会粉饰死亡，不会矮化敌人，不会无视常识，最重要的，不会宣扬战争。
七武士,三船敏郎ToshirôMifune/志村乔..., 日本   动作冒险剧情,1954 ,9.3,200901人评价,时代悲歌。
恐怖直播,河正宇Jung-wooHa/李璟荣Kyeong-y..., 韩国   剧情犯罪悬疑,2013 ,8.7,658904人评价,恐怖分子的“秋菊打官司”。
惊魂记,安东尼·博金斯Antho..., 美国   悬疑惊悚恐怖,1960 ,9.0,300223人评价,故事的反转与反转，分裂电影的始祖。
黑客帝国3：矩阵革命,无信息, 美国   动作科幻,2003 ,8.8,451606人评价,不得不说，《黑客帝国》系列是商业片与科幻、哲学完美结合的典范。
你的名字。,神木隆之介RyûnosukeKamiki/上..., 日本   剧情爱情动画,2016 ,8.5,1423890人评价,穿越错位的时空，仰望陨落的星辰，你没留下你的名字，我却无法忘记那句“我爱你”。
电锯惊魂,雷·沃纳尔LeighWhannell/加利·艾..., 美国   悬疑惊悚恐怖,2004 ,8.8,540026人评价,真相就在眼前。
三块广告牌,弗兰西斯·麦克多蒙德France..., 英国美国   剧情犯罪,2017 ,8.7,828326人评价,怼天怼地，你走后，她与世界为敌。
达拉斯买家俱乐部,马修·麦康纳MatthewMcCon..., 美国   剧情传记同性,2013 ,8.8,457194人评价,Jared Leto的腿比女人还美！
疯狂原始人,无信息, 美国   喜剧动画冒险,2013 ,8.7,847029人评价,老少皆宜，这就是好莱坞动画的魅力。
心迷宫,霍卫民WeiminHuo/王笑天XiaotianWang..., 中国大陆   剧情犯罪悬疑,2014 ,8.7,528483人评价,荒诞讽刺，千奇百巧，抽丝剥茧，百转千回。
谍影重重3,马特·达蒙MattDamon/..., 美国德国法国英国   动作悬疑惊悚,2007 ,8.8,423142人评价,像吃了苏打饼一样干脆的电影。
上帝之城,无信息, 巴西法国   犯罪剧情,2002 ,9.0,303998人评价,被上帝抛弃了的上帝之城。
英雄本色,周润发Yun-FatChow/狄龙LungTi/张国..., 中国香港   剧情动作犯罪,1986 ,8.6,547532人评价,英雄泪短，兄弟情长。 
风之谷,岛本须美SumiShimamoto/松田洋治Y..., 日本   动画奇幻冒险,1984 ,8.9,357734人评价,动画片的圣经。
纵横四海,周润发Yun-FatChow/张国荣LeslieCheung..., 中国香港   剧情喜剧动作犯罪,1991 ,8.8,430383人评价,香港浪漫主义警匪动作片的巅峰之作。
卢旺达饭店,唐·钱德尔DonCheadle/苏菲·奥..., 英国南非意大利美国   剧情传记历史战争,2004 ,8.9,333549人评价,当这个世界闭上双眼，他却敞开了怀抱。
爱在午夜降临前,伊桑·霍克EthanHawke..., 美国希腊   剧情爱情,2013 ,8.9,408702人评价,所谓爱情，就是话唠一路，都不会心生腻烦，彼此嫌弃。
海街日记,绫濑遥HarukaAyase/长泽雅美M..., 日本   剧情家庭,2015 ,8.8,454333人评价,是枝裕和的家庭习作。
绿里奇迹,汤姆·汉克斯TomHanks/..., 美国   犯罪剧情奇幻悬疑,1999 ,8.9,334303人评价,天使暂时离开。
记忆碎片,盖·皮尔斯GuyPearce/..., 美国   犯罪剧情悬疑惊悚,2000 ,8.7,610456人评价,一个针管引发的血案。
小丑,杰昆·菲尼克斯JoaquinPhoeni..., 美国加拿大   剧情犯罪惊悚,2019 ,8.7,1017564人评价,无介绍
疯狂的石头,郭涛TaoGuo/刘桦HuaLiu/连晋TeddyLin, 中国大陆中国香港   喜剧犯罪,2006 ,8.6,831724人评价,中国版《两杆大烟枪》。
背靠背，脸对脸,牛振华ZhenhuaN..., 中国大陆中国香港   剧情,1994 ,9.5,137269人评价,无介绍
雨中曲,吉恩·..., 美国   喜剧歌舞爱情,1952 ,9.1,229375人评价,骨灰级歌舞片。
岁月神偷,吴君如SandraNg/任达华SimonYam/钟绍..., 中国香港中国大陆   剧情家庭,2010 ,8.7,578002人评价,岁月流逝，来日可追。
2001太空漫游,凯尔·杜拉KeirDullea/..., 英国美国   科幻惊悚冒险,1968 ,8.9,335353人评价,现代科幻电影的开山之作，最伟大导演的最伟大影片。
忠犬八公物语,仲代达矢TatsuyaNakadai/..., 日本   剧情,1987 ,9.2,198059人评价,养狗三日，便会对你终其一生。
心灵奇旅,杰米·..., 美国   动画奇幻音乐,2020 ,8.7,994789人评价,无介绍
荒蛮故事,达里奥·葛兰帝内提Darío..., 阿根廷西班牙   剧情喜剧犯罪,2014 ,8.8,448404人评价,始于荒诞，止于更荒诞。
无间道2,陈冠希EdisonChen/余文乐ShawnYue/曾..., 中国香港   剧情犯罪惊悚,2003 ,8.7,486068人评价,无介绍
小偷家族,中川雅也LilyFranky/安藤樱Sa..., 日本   剧情犯罪家庭,2018 ,8.7,819043人评价,我们组成了家。
无敌破坏王,约翰·C·赖利JohnC.Reilly/萨拉..., 美国   喜剧动画奇幻冒险,2012 ,8.7,546368人评价,迪士尼和皮克斯拿错剧本的产物。
爆裂鼓手,迈尔斯·特勒MilesTeller/..., 美国   剧情音乐,2014 ,8.7,594872人评价,这个世界从不善待努力的人，努力了也不一定会成功，但是知道自己在努力，就是活下去的动力。
冰川时代,无信息, 美国   喜剧动画冒险,2002 ,8.6,621955人评价,松鼠才是角儿。
恐怖游轮,梅利莎·乔治Melissa..., 英国澳大利亚   剧情悬疑惊悚,2009 ,8.5,874904人评价,不要企图在重复中寻找已经失去的爱。
贫民窟的百万富翁,戴夫..., 英国   剧情爱情,2008 ,8.6,751272人评价,上帝之城+猜火车+阿甘正传+开心辞典=山寨富翁
东邪西毒,张国荣LeslieCheung/林青霞Brigitte..., 中国香港中国台湾   剧情动作爱情武侠古装,1994 ,8.6,581838人评价,电影诗。
牯岭街少年杀人事件,张震ChenChang/杨静怡LisaYang/张..., 中国台湾   剧情犯罪,1991 ,8.9,305514人评价,弱者送给弱者的一刀。
魔女宅急便,高山南MinamiTakayama/佐久间玲Re..., 日本   动画奇幻冒险,1989 ,8.7,465000人评价,宫崎骏的电影总让人感觉世界是美好的，阳光明媚的。
遗愿清单,杰克·尼科尔森JackNicholson/摩根..., 美国   冒险喜剧剧情,2007 ,8.7,468118人评价,用剩余不多的时间，去燃烧整个生命。
东京教父,江守彻ToruEmori/梅垣义明YoshiakiUme..., 日本   剧情喜剧动画,2003 ,9.0,234816人评价,无介绍
大佛普拉斯,庄益增YizengZhuang/陈竹昇Chu-sh..., 中国台湾   剧情喜剧,2017 ,8.7,466026人评价,人们可以登上月球，却永远无法探索人们内心的宇宙。
你看起来好像很好吃,山口胜平KappeiYamaguchi/爱河..., 日本   剧情动画儿童,2010 ,8.9,336490人评价,感情不分食草或者食肉。
真爱至上,休·格兰特HughGrant/柯林..., 英国美国法国   喜剧剧情爱情,2003 ,8.6,736654人评价,爱，是个动词。
黑天鹅,娜塔莉·波特曼Natalie..., 美国   剧情惊悚,2010 ,8.6,785857人评价,黑暗之美。
可可西里,多布杰Duobujie/张磊LeiZhang/亓亮QiL..., 中国大陆中国香港   剧情犯罪,2004 ,8.9,306824人评价,坚硬的信仰。
城市之光,查理·卓别林CharlesChaplin/弗吉尼亚·..., 美国   喜剧剧情爱情,1931 ,9.3,148932人评价,永远的小人物，伟大的卓别林。
源代码,杰克·吉伦哈尔JakeGyllenhaal/..., 美国加拿大   科幻悬疑惊悚,2011 ,8.5,842882人评价,邓肯·琼斯继《月球》之后再度奉献出一部精彩绝伦的科幻佳作。
海边的曼彻斯特,卡西·阿弗莱克CaseyAffle..., 美国   剧情家庭,2016 ,8.6,550483人评价,我们都有权利不与自己的过去和解。
雨人,达斯汀·霍夫曼DustinHoffman..., 美国   剧情,1988 ,8.7,407705人评价,生活在自己的世界里，也可以让周围的人显得可笑和渺小。
波西米亚狂想曲,拉米·马雷克RamiMalek/本·哈..., 英国美国   剧情传记同性音乐,2018 ,8.6,612587人评价,无介绍
初恋这件小事,无信息, 泰国   剧情喜剧爱情,2010 ,8.5,986481人评价,黑小鸭速效美白记。
恋恋笔记本,瑞恩·高斯林RyanGosling/..., 美国   剧情爱情,2004 ,8.5,678249人评价,爱情没有那么多借口，如果不能圆满，只能说明爱的不够。 
人工智能,海利·乔·奥斯蒙Haley..., 美国英国   剧情科幻,2001 ,8.7,451749人评价,对爱的执着，可以超越一切。
青蛇,张曼玉MaggieCheung/王祖贤JoeyWang/..., 中国香港中国大陆   剧情爱情奇幻古装,1993 ,8.6,532520人评价,人生如此，浮生如斯。谁人言，花彼岸，此生情长意短。谁都是不懂爱的罢了。
虎口脱险,路易·德·菲耐斯LouisdeFunès..., 法国英国   喜剧战争,1966 ,8.9,260480人评价,永远看不腻的喜剧。
终结者2：审判日,阿诺·施瓦辛格ArnoldSchwarz..., 美国法国   动作科幻,1991 ,8.8,345328人评价,少见的超越首部的续集，动作片中的经典。
疯狂的麦克斯4：狂暴之路,汤姆·哈迪TomHardy/查理兹·塞..., 澳大利亚美国   动作科幻冒险,2015 ,8.7,536479人评价,“多么美好的一天！”轰轰轰砰咚，啪哒哒哒轰隆隆，磅~
末路狂花,吉娜·戴维斯GeenaDavis/苏..., 美国英国法国   犯罪剧情惊悚,1991 ,8.9,262832人评价,没有了退路，只好飞向自由。
罗生门,三船敏郎ToshirôMifune/京町子..., 日本   剧情犯罪悬疑,1950 ,8.8,318376人评价,人生的N种可能性。
新龙门客栈,张曼玉MaggieCheung/林青霞Brigitte..., 中国香港中国大陆   动作爱情武侠古装,1992 ,8.7,449552人评价,嬉笑怒骂，调风动月。
千钧一发,伊桑·霍克EthanHawke/乌玛..., 美国   剧情科幻惊悚,1997 ,8.8,303271人评价,一部能引人思考的科幻励志片。
萤火虫之墓,辰己努/白石绫乃/志乃原良子, 日本   动画剧情战争,1988 ,8.7,407628人评价,幸福是生生不息，却难以触及的远。 
无耻混蛋,布拉德·皮特BradPitt/..., 德国美国   剧情犯罪,2009 ,8.7,484053人评价,昆汀同学越来越变态了，比北野武还杜琪峰。
崖上的波妞,奈良柚莉爱YuriaNara/土井洋辉Hir..., 日本   动画奇幻冒险,2008 ,8.6,504411人评价,无介绍
花束般的恋爱,菅田将晖MasakiSuda/有村架纯Kasu..., 日本   剧情爱情,2021 ,8.6,637112人评价,无介绍
彗星来的那一夜,艾米丽·芭尔多尼Em..., 美国英国   科幻悬疑惊悚,2013 ,8.6,588731人评价,小成本大魅力。
芙蓉镇,刘晓庆XiaoqingLiu/姜文WenJiang/郑在石..., 中国大陆   剧情爱情,1987 ,9.3,142950人评价,无介绍
奇迹男孩,雅各布·特伦布莱JacobTr..., 美国中国香港   剧情儿童家庭,2017 ,8.6,555487人评价,世界不完美，爱会有奇迹。
爱乐之城,瑞恩·高斯林RyanGosling/..., 美国   剧情爱情歌舞,2016 ,8.4,910305人评价,无介绍
二十二,, 中国大陆   纪录片,2015 ,8.7,293727人评价,有一些东西不应该被遗忘。
黑客帝国2：重装上阵,无信息, 美国   动作科幻,2003 ,8.7,410544人评价,一个精彩的世界观正在缓缓建立。
哈利·波特与死亡圣器(上),丹尼尔·雷德克里夫DanielRadcliffe..., 英国美国   奇幻冒险,2010 ,8.5,585302人评价,最忠于原著的一部。
血钻,莱昂纳多·迪卡普里奥Leonardo..., 美国德国英国   剧情惊悚冒险,2006 ,8.7,384062人评价,每个美丽事物背后都是滴血的现实。
战争之王,尼古拉斯·凯奇NicolasCage/..., 美国德国   剧情犯罪,2005 ,8.7,372881人评价,做一颗让别人需要你的棋子。
步履不停,阿部宽HiroshiAbe/夏川结衣Yu..., 日本   剧情家庭,2008 ,8.8,282601人评价,日本的家庭电影已经是世界巅峰了，步履不停是巅峰中的佳作。
房间,布丽·拉尔森BrieLarson..., 爱尔兰加拿大英国美国   剧情家庭,2015 ,8.8,370721人评价,被偷走的岁月，被伤害的生命，被禁锢的灵魂，终将被希望和善意救赎。
火星救援,马特·达蒙MattDamon/杰西卡..., 英国美国匈牙利约旦   剧情科幻冒险,2015 ,8.5,738069人评价,无介绍
魂断蓝桥,费雯·丽VivienLeigh/罗伯特·..., 美国   剧情爱情战争,1940 ,8.8,281630人评价,中国式内在的美国电影。
千年女优,庄司美代子MiyokoShôji/小山茉美Mam..., 日本   动画剧情爱情,2001 ,8.8,272018人评价,爱情是一场没有尽头的虚幻追逐。
谍影重重2,马特·达蒙MattDamon/..., 美国德国   动作悬疑惊悚,2004 ,8.7,356886人评价,谁说王家卫镜头很晃？
白日梦想家,本·斯蒂勒BenStiller/克里斯汀·..., 美国英国   剧情喜剧冒险,2013 ,8.6,491629人评价,无介绍
哈利·波特与凤凰社,丹尼尔·雷德克里夫DanielRadcliffe..., 英国美国   奇幻冒险,2007 ,8.5,579419人评价,无介绍
弱点,桑德拉·布洛克SandraBu..., 美国   剧情家庭传记运动,2009 ,8.7,313457人评价,拍掉身上的悲伤，从今天开始重新踏上追梦之旅。
阿飞正传,张国荣LeslieCheung/张曼玉MaggieC..., 中国香港   犯罪剧情爱情,1990 ,8.5,516180人评价,王家卫是一种风格，张国荣是一个代表。
蜘蛛侠：平行宇宙,无信息, 美国   动作科幻动画冒险,2018 ,8.6,674251人评价,无介绍
谍影重重,马特·达蒙MattDamon/弗兰卡·波坦..., 美国德国捷克   动作悬疑惊悚,2002 ,8.6,432341人评价,哗啦啦啦啦，天在下雨，哗啦啦啦啦，云在哭泣……找自己。
朗读者,凯特·温丝莱特KateWinslet..., 美国德国   剧情爱情,2008 ,8.6,456864人评价,当爱情跨越年龄的界限，它似乎能变得更久远一点，成为一种责任，一种水到渠成的相濡以沫。 
燃情岁月,布拉德·皮特BradPitt/安东..., 美国   剧情爱情战争西部,1994 ,8.7,289725人评价,传奇，不是每个人都可以拥有。
再次出发之纽约遇见你,凯拉·奈特莉KeiraKnightley/马克..., 美国   喜剧爱情音乐,2013 ,8.6,431272人评价,爱我就给我看你的播放列表。
香水,本·卫肖BenWhishaw/艾伦·瑞克..., 德国法国西班牙美国比利时   剧情犯罪奇幻,2006 ,8.5,548545人评价,一个单凭体香达到高潮的男人。
发条橙,马尔科姆·麦克道威尔Malc..., 英国美国   犯罪剧情科幻,1971 ,8.6,369507人评价,我完全康复了。
